Sample_ID	sR1	sR2
A43	/hdd0/raid3/scratch/MEGshared/ea_biofilm/data/F001/01.RawData/A43_2021/A43_2021_EKDN230044474-1A_HFJJ7DSX7_L4_1.fq.gz	/hdd0/raid3/scratch/MEGshared/ea_biofilm/data/F001/01.RawData/A43_2021/A43_2021_EKDN230044474-1A_HFJJ7DSX7_L4_2.fq.gz
A44	/hdd0/raid3/scratch/MEGshared/ea_biofilm/data/F001/01.RawData/A44_2021/A44_2021_EKDN230044475-1A_HFJJ7DSX7_L4_1.fq.gz	/hdd0/raid3/scratch/MEGshared/ea_biofilm/data/F001/01.RawData/A44_2021/A44_2021_EKDN230044475-1A_HFJJ7DSX7_L4_2.fq.gz
A7	/hdd0/raid3/scratch/MEGshared/ea_biofilm/data/F001/01.RawData/A7_2021/A7_2021_EKDN230044473-1A_HFLT5DSX7_L3_1.fq.gz	/hdd0/raid3/scratch/MEGshared/ea_biofilm/data/F001/01.RawData/A7_2021/A7_2021_EKDN230044473-1A_HFLT5DSX7_L3_2.fq.gz
B10	/hdd0/raid3/scratch/MEGshared/ea_biofilm/data/F001/01.RawData/B10_2021/B10_2021_EKDN230044476-1A_HFJJ7DSX7_L4_1.fq.gz	/hdd0/raid3/scratch/MEGshared/ea_biofilm/data/F001/01.RawData/B10_2021/B10_2021_EKDN230044476-1A_HFJJ7DSX7_L4_2.fq.gz
B12	/hdd0/raid3/scratch/MEGshared/ea_biofilm/data/F001/01.RawData/B12_2021/B12_2021_EKDN230044477-1A_HVJFNDSX7_L4_1.fq.gz	/hdd0/raid3/scratch/MEGshared/ea_biofilm/data/F001/01.RawData/B12_2021/B12_2021_EKDN230044477-1A_HVJFNDSX7_L4_2.fq.gz
B13	/hdd0/raid3/scratch/MEGshared/ea_biofilm/data/F001/01.RawData/B13_2021/B13_2021_EKDN230044478-1A_HFJJ7DSX7_L4_1.fq.gz	/hdd0/raid3/scratch/MEGshared/ea_biofilm/data/F001/01.RawData/B13_2021/B13_2021_EKDN230044478-1A_HFJJ7DSX7_L4_2.fq.gz
B23	/hdd0/raid3/scratch/MEGshared/ea_biofilm/data/F001/01.RawData/B23_2021/B23_2021_EKDN230044479-1A_HFJJ7DSX7_L4_1.fq.gz	/hdd0/raid3/scratch/MEGshared/ea_biofilm/data/F001/01.RawData/B23_2021/B23_2021_EKDN230044479-1A_HFJJ7DSX7_L4_2.fq.gz
B24	/hdd0/raid3/scratch/MEGshared/ea_biofilm/data/F001/01.RawData/B24_2021/B24_2021_EKDN230044480-1A_HFLT5DSX7_L3_1.fq.gz	/hdd0/raid3/scratch/MEGshared/ea_biofilm/data/F001/01.RawData/B24_2021/B24_2021_EKDN230044480-1A_HFLT5DSX7_L3_2.fq.gz
B25	/hdd0/raid3/scratch/MEGshared/ea_biofilm/data/F001/01.RawData/B25_2021/B25_2021_EKDN230044481-1A_HFLT5DSX7_L3_1.fq.gz	/hdd0/raid3/scratch/MEGshared/ea_biofilm/data/F001/01.RawData/B25_2021/B25_2021_EKDN230044481-1A_HFLT5DSX7_L3_2.fq.gz
B31	/hdd0/raid3/scratch/MEGshared/ea_biofilm/data/F001/01.RawData/B31_2021/B31_2021_concatenated_1.fq.gz	/hdd0/raid3/scratch/MEGshared/ea_biofilm/data/F001/01.RawData/B31_2021/B31_2021_concatenated_2.fq.gz
B37	/hdd0/raid3/scratch/MEGshared/ea_biofilm/data/F001/01.RawData/B37_2021/B37_2021_EKDN230044483-1A_HFJJ7DSX7_L4_1.fq.gz	/hdd0/raid3/scratch/MEGshared/ea_biofilm/data/F001/01.RawData/B37_2021/B37_2021_EKDN230044483-1A_HFJJ7DSX7_L4_2.fq.gz
B43	/hdd0/raid3/scratch/MEGshared/ea_biofilm/data/F001/01.RawData/B43_2021/B43_2021_EKDN230044484-1A_HFJJ7DSX7_L4_1.fq.gz	/hdd0/raid3/scratch/MEGshared/ea_biofilm/data/F001/01.RawData/B43_2021/B43_2021_EKDN230044484-1A_HFJJ7DSX7_L4_2.fq.gz
B47	/hdd0/raid3/scratch/MEGshared/ea_biofilm/data/F001/01.RawData/B47_2021/B47_2021_EKDN230044485-1A_HFLT5DSX7_L3_1.fq.gz	/hdd0/raid3/scratch/MEGshared/ea_biofilm/data/F001/01.RawData/B47_2021/B47_2021_EKDN230044485-1A_HFLT5DSX7_L3_2.fq.gz
B48	/hdd0/raid3/scratch/MEGshared/ea_biofilm/data/F001/01.RawData/B48_2021/B48_2021_EKDN230044486-1A_HFJJ7DSX7_L4_1.fq.gz	/hdd0/raid3/scratch/MEGshared/ea_biofilm/data/F001/01.RawData/B48_2021/B48_2021_EKDN230044486-1A_HFJJ7DSX7_L4_2.fq.gz
C10	/hdd0/raid3/scratch/MEGshared/ea_biofilm/data/F001/01.RawData/C10_2021/C10_2021_EKDN230044487-1A_HFJJ7DSX7_L4_1.fq.gz	/hdd0/raid3/scratch/MEGshared/ea_biofilm/data/F001/01.RawData/C10_2021/C10_2021_EKDN230044487-1A_HFJJ7DSX7_L4_2.fq.gz
C37	/hdd0/raid3/scratch/MEGshared/ea_biofilm/data/F001/01.RawData/C37_2021/C37_2021_EKDN230044488-1A_HFJJ7DSX7_L4_1.fq.gz	/hdd0/raid3/scratch/MEGshared/ea_biofilm/data/F001/01.RawData/C37_2021/C37_2021_EKDN230044488-1A_HFJJ7DSX7_L4_2.fq.gz
C40	/hdd0/raid3/scratch/MEGshared/ea_biofilm/data/F001/01.RawData/C40_2021/C40_2021_EKDN230044489-1A_HFLT5DSX7_L4_1.fq.gz	/hdd0/raid3/scratch/MEGshared/ea_biofilm/data/F001/01.RawData/C40_2021/C40_2021_EKDN230044489-1A_HFLT5DSX7_L4_2.fq.gz
C53	/hdd0/raid3/scratch/MEGshared/ea_biofilm/data/F001/01.RawData/C53_2021/C53_2021_concatenated_1.fq.gz	/hdd0/raid3/scratch/MEGshared/ea_biofilm/data/F001/01.RawData/C53_2021/C53_2021_concatenated_2.fq.gz
C61	/hdd0/raid3/scratch/MEGshared/ea_biofilm/data/F001/01.RawData/C61_2021/C61_2021_concatenated_1.fq.gz	/hdd0/raid3/scratch/MEGshared/ea_biofilm/data/F001/01.RawData/C61_2021/C61_2021_concatenated_2.fq.gz
C62	/hdd0/raid3/scratch/MEGshared/ea_biofilm/data/F001/01.RawData/C62_2021/C62_2021_concatenated_1.fq.gz	/hdd0/raid3/scratch/MEGshared/ea_biofilm/data/F001/01.RawData/C62_2021/C62_2021_concatenated_2.fq.gz
D10	/hdd0/raid3/scratch/MEGshared/ea_biofilm/data/F001/01.RawData/D10_2021/D10_2021_EKDN230044493-1A_HFLT5DSX7_L4_1.fq.gz	/hdd0/raid3/scratch/MEGshared/ea_biofilm/data/F001/01.RawData/D10_2021/D10_2021_EKDN230044493-1A_HFLT5DSX7_L4_2.fq.gz
D12	/hdd0/raid3/scratch/MEGshared/ea_biofilm/data/F001/01.RawData/D12_2021/D12_2021_EKDN230044494-1A_HFJJ7DSX7_L4_1.fq.gz	/hdd0/raid3/scratch/MEGshared/ea_biofilm/data/F001/01.RawData/D12_2021/D12_2021_EKDN230044494-1A_HFJJ7DSX7_L4_2.fq.gz
D24	/hdd0/raid3/scratch/MEGshared/ea_biofilm/data/F001/01.RawData/D24_2021/D24_2021_EKDN230044495-1A_HFJJ7DSX7_L4_1.fq.gz	/hdd0/raid3/scratch/MEGshared/ea_biofilm/data/F001/01.RawData/D24_2021/D24_2021_EKDN230044495-1A_HFJJ7DSX7_L4_2.fq.gz
D64	/hdd0/raid3/scratch/MEGshared/ea_biofilm/data/F001/01.RawData/D64_2021/D64_2021_concatenated_1.fq.gz	/hdd0/raid3/scratch/MEGshared/ea_biofilm/data/F001/01.RawData/D64_2021/D64_2021_concatenated_2.fq.gz
E23	/hdd0/raid3/scratch/MEGshared/ea_biofilm/data/F001/01.RawData/E23_2021/E23_2021_EKDN230044497-1A_HFJJ7DSX7_L4_1.fq.gz	/hdd0/raid3/scratch/MEGshared/ea_biofilm/data/F001/01.RawData/E23_2021/E23_2021_EKDN230044497-1A_HFJJ7DSX7_L4_2.fq.gz
E46	/hdd0/raid3/scratch/MEGshared/ea_biofilm/data/F001/01.RawData/E46_2021/E46_2021_EKDN230044498-1A_HVJFNDSX7_L4_1.fq.gz	/hdd0/raid3/scratch/MEGshared/ea_biofilm/data/F001/01.RawData/E46_2021/E46_2021_EKDN230044498-1A_HVJFNDSX7_L4_2.fq.gz
E47	/hdd0/raid3/scratch/MEGshared/ea_biofilm/data/F001/01.RawData/E47_2021/E47_2021_EKDN230044499-1A_HFJJ7DSX7_L4_1.fq.gz	/hdd0/raid3/scratch/MEGshared/ea_biofilm/data/F001/01.RawData/E47_2021/E47_2021_EKDN230044499-1A_HFJJ7DSX7_L4_2.fq.gz
E49	/hdd0/raid3/scratch/MEGshared/ea_biofilm/data/F001/01.RawData/E49_2021/E49_2021_EKDN230044500-1A_HFLT5DSX7_L4_1.fq.gz	/hdd0/raid3/scratch/MEGshared/ea_biofilm/data/F001/01.RawData/E49_2021/E49_2021_EKDN230044500-1A_HFLT5DSX7_L4_2.fq.gz
E55	/hdd0/raid3/scratch/MEGshared/ea_biofilm/data/F001/01.RawData/E55_2021/E55_2021_EKDN230044501-1A_HFJJ7DSX7_L4_1.fq.gz	/hdd0/raid3/scratch/MEGshared/ea_biofilm/data/F001/01.RawData/E55_2021/E55_2021_EKDN230044501-1A_HFJJ7DSX7_L4_2.fq.gz
E62	/hdd0/raid3/scratch/MEGshared/ea_biofilm/data/F001/01.RawData/E62_2021/E62_2021_EKDN230044502-1A_HFJJ7DSX7_L4_1.fq.gz	/hdd0/raid3/scratch/MEGshared/ea_biofilm/data/F001/01.RawData/E62_2021/E62_2021_EKDN230044502-1A_HFJJ7DSX7_L4_2.fq.gz
F13	/hdd0/raid3/scratch/MEGshared/ea_biofilm/data/F001/01.RawData/F13_2021/F13_2021_concatenated_1.fq.gz	/hdd0/raid3/scratch/MEGshared/ea_biofilm/data/F001/01.RawData/F13_2021/F13_2021_concatenated_2.fq.gz
F15	/hdd0/raid3/scratch/MEGshared/ea_biofilm/data/F001/01.RawData/F15_2021/F15_2021_EKDN230044504-1A_HFJJ7DSX7_L4_1.fq.gz	/hdd0/raid3/scratch/MEGshared/ea_biofilm/data/F001/01.RawData/F15_2021/F15_2021_EKDN230044504-1A_HFJJ7DSX7_L4_2.fq.gz
F23	/hdd0/raid3/scratch/MEGshared/ea_biofilm/data/F001/01.RawData/F23_2021/F23_2021_EKDN230044505-1A_HFJJ7DSX7_L4_1.fq.gz	/hdd0/raid3/scratch/MEGshared/ea_biofilm/data/F001/01.RawData/F23_2021/F23_2021_EKDN230044505-1A_HFJJ7DSX7_L4_2.fq.gz
F30	/hdd0/raid3/scratch/MEGshared/ea_biofilm/data/F001/01.RawData/F30_2021/F30_2021_EKDN230044506-1A_HFJJ7DSX7_L4_1.fq.gz	/hdd0/raid3/scratch/MEGshared/ea_biofilm/data/F001/01.RawData/F30_2021/F30_2021_EKDN230044506-1A_HFJJ7DSX7_L4_2.fq.gz
F48	/hdd0/raid3/scratch/MEGshared/ea_biofilm/data/F001/01.RawData/F48_2021/F48_2021_EKDN230044507-1A_HFJJ7DSX7_L4_1.fq.gz	/hdd0/raid3/scratch/MEGshared/ea_biofilm/data/F001/01.RawData/F48_2021/F48_2021_EKDN230044507-1A_HFJJ7DSX7_L4_2.fq.gz
F49	/hdd0/raid3/scratch/MEGshared/ea_biofilm/data/F001/01.RawData/F49_2021/F49_2021_EKDN230044508-1A_HFJJ7DSX7_L4_1.fq.gz	/hdd0/raid3/scratch/MEGshared/ea_biofilm/data/F001/01.RawData/F49_2021/F49_2021_EKDN230044508-1A_HFJJ7DSX7_L4_2.fq.gz
F50	/hdd0/raid3/scratch/MEGshared/ea_biofilm/data/F001/01.RawData/F50_2021/F50_2021_EKDN230044509-1A_HFJJ7DSX7_L4_1.fq.gz	/hdd0/raid3/scratch/MEGshared/ea_biofilm/data/F001/01.RawData/F50_2021/F50_2021_EKDN230044509-1A_HFJJ7DSX7_L4_2.fq.gz
F65	/hdd0/raid3/scratch/MEGshared/ea_biofilm/data/F001/01.RawData/F65_2021/F65_2021_EKDN230044510-1A_HFLT5DSX7_L3_1.fq.gz	/hdd0/raid3/scratch/MEGshared/ea_biofilm/data/F001/01.RawData/F65_2021/F65_2021_EKDN230044510-1A_HFLT5DSX7_L3_2.fq.gz
G15	/hdd0/raid3/scratch/MEGshared/ea_biofilm/data/F001/01.RawData/G15_2021/G15_2021_EKDN230044511-1A_HFLT5DSX7_L3_1.fq.gz	/hdd0/raid3/scratch/MEGshared/ea_biofilm/data/F001/01.RawData/G15_2021/G15_2021_EKDN230044511-1A_HFLT5DSX7_L3_2.fq.gz
G17	/hdd0/raid3/scratch/MEGshared/ea_biofilm/data/F001/01.RawData/G17_2021/G17_2021_EKDN230044512-1A_HFLT5DSX7_L3_1.fq.gz	/hdd0/raid3/scratch/MEGshared/ea_biofilm/data/F001/01.RawData/G17_2021/G17_2021_EKDN230044512-1A_HFLT5DSX7_L3_2.fq.gz
G54	/hdd0/raid3/scratch/MEGshared/ea_biofilm/data/F001/01.RawData/G54_2021/G54_2021_EKDN230044513-1A_HFLT5DSX7_L3_1.fq.gz	/hdd0/raid3/scratch/MEGshared/ea_biofilm/data/F001/01.RawData/G54_2021/G54_2021_EKDN230044513-1A_HFLT5DSX7_L3_2.fq.gz
G62	/hdd0/raid3/scratch/MEGshared/ea_biofilm/data/F001/01.RawData/G62_2021/G62_2021_EKDN230044514-1A_HFLT5DSX7_L3_1.fq.gz	/hdd0/raid3/scratch/MEGshared/ea_biofilm/data/F001/01.RawData/G62_2021/G62_2021_EKDN230044514-1A_HFLT5DSX7_L3_2.fq.gz
H32	/hdd0/raid3/scratch/MEGshared/ea_biofilm/data/F001/01.RawData/H32_2021/H32_2021_EKDN230044515-1A_HVJFNDSX7_L3_1.fq.gz	/hdd0/raid3/scratch/MEGshared/ea_biofilm/data/F001/01.RawData/H32_2021/H32_2021_EKDN230044515-1A_HVJFNDSX7_L3_2.fq.gz
H54	/hdd0/raid3/scratch/MEGshared/ea_biofilm/data/F001/01.RawData/H54_2021/H54_2021_EKDN230044516-1A_HFLT5DSX7_L3_1.fq.gz	/hdd0/raid3/scratch/MEGshared/ea_biofilm/data/F001/01.RawData/H54_2021/H54_2021_EKDN230044516-1A_HFLT5DSX7_L3_2.fq.gz
H59	/hdd0/raid3/scratch/MEGshared/ea_biofilm/data/F001/01.RawData/H59_2021/H59_2021_EKDN230044517-1A_HFLT5DSX7_L3_1.fq.gz	/hdd0/raid3/scratch/MEGshared/ea_biofilm/data/F001/01.RawData/H59_2021/H59_2021_EKDN230044517-1A_HFLT5DSX7_L3_2.fq.gz
I10	/hdd0/raid3/scratch/MEGshared/ea_biofilm/data/F001/01.RawData/I10_2021/I10_2021_EKDN230044520-1A_HVJFNDSX7_L3_1.fq.gz	/hdd0/raid3/scratch/MEGshared/ea_biofilm/data/F001/01.RawData/I10_2021/I10_2021_EKDN230044520-1A_HVJFNDSX7_L3_2.fq.gz
I12	/hdd0/raid3/scratch/MEGshared/ea_biofilm/data/F001/01.RawData/I12_2021/I12_2021_EKDN230044521-1A_HVJFNDSX7_L3_1.fq.gz	/hdd0/raid3/scratch/MEGshared/ea_biofilm/data/F001/01.RawData/I12_2021/I12_2021_EKDN230044521-1A_HVJFNDSX7_L3_2.fq.gz
I2	/hdd0/raid3/scratch/MEGshared/ea_biofilm/data/F001/01.RawData/I2_2021/I2_2021_EKDN230044518-1A_HVJFNDSX7_L3_1.fq.gz	/hdd0/raid3/scratch/MEGshared/ea_biofilm/data/F001/01.RawData/I2_2021/I2_2021_EKDN230044518-1A_HVJFNDSX7_L3_2.fq.gz
I3	/hdd0/raid3/scratch/MEGshared/ea_biofilm/data/F001/01.RawData/I3_2021/I3_2021_EKDN230044519-1A_HFLT5DSX7_L3_1.fq.gz	/hdd0/raid3/scratch/MEGshared/ea_biofilm/data/F001/01.RawData/I3_2021/I3_2021_EKDN230044519-1A_HFLT5DSX7_L3_2.fq.gz
I34	/hdd0/raid3/scratch/MEGshared/ea_biofilm/data/F001/01.RawData/I34_2021/I34_2021_EKDN230044522-1A_HFLT5DSX7_L3_1.fq.gz	/hdd0/raid3/scratch/MEGshared/ea_biofilm/data/F001/01.RawData/I34_2021/I34_2021_EKDN230044522-1A_HFLT5DSX7_L3_2.fq.gz
I46	/hdd0/raid3/scratch/MEGshared/ea_biofilm/data/F001/01.RawData/I46_2021/I46_2021_EKDN230044523-1A_HFLT5DSX7_L3_1.fq.gz	/hdd0/raid3/scratch/MEGshared/ea_biofilm/data/F001/01.RawData/I46_2021/I46_2021_EKDN230044523-1A_HFLT5DSX7_L3_2.fq.gz
I48	/hdd0/raid3/scratch/MEGshared/ea_biofilm/data/F001/01.RawData/I48_2021/I48_2021_EKDN230044524-1A_HFLT5DSX7_L3_1.fq.gz	/hdd0/raid3/scratch/MEGshared/ea_biofilm/data/F001/01.RawData/I48_2021/I48_2021_EKDN230044524-1A_HFLT5DSX7_L3_2.fq.gz
I57	/hdd0/raid3/scratch/MEGshared/ea_biofilm/data/F001/01.RawData/I57_2021/I57_2021_EKDN230044525-1A_HVJFNDSX7_L3_1.fq.gz	/hdd0/raid3/scratch/MEGshared/ea_biofilm/data/F001/01.RawData/I57_2021/I57_2021_EKDN230044525-1A_HVJFNDSX7_L3_2.fq.gz
J12	/hdd0/raid3/scratch/MEGshared/ea_biofilm/data/F001/01.RawData/J12_2021/J12_2021_EKDN230044526-1A_HFLT5DSX7_L3_1.fq.gz	/hdd0/raid3/scratch/MEGshared/ea_biofilm/data/F001/01.RawData/J12_2021/J12_2021_EKDN230044526-1A_HFLT5DSX7_L3_2.fq.gz
J31	/hdd0/raid3/scratch/MEGshared/ea_biofilm/data/F001/01.RawData/J31_2021/J31_2021_EKDN230044527-1A_HFLT5DSX7_L3_1.fq.gz	/hdd0/raid3/scratch/MEGshared/ea_biofilm/data/F001/01.RawData/J31_2021/J31_2021_EKDN230044527-1A_HFLT5DSX7_L3_2.fq.gz
J65	/hdd0/raid3/scratch/MEGshared/ea_biofilm/data/F001/01.RawData/J65_2021/J65_2021_EKDN230044528-1A_HFLT5DSX7_L3_1.fq.gz	/hdd0/raid3/scratch/MEGshared/ea_biofilm/data/F001/01.RawData/J65_2021/J65_2021_EKDN230044528-1A_HFLT5DSX7_L3_2.fq.gz
K17	/hdd0/raid3/scratch/MEGshared/ea_biofilm/data/F001/01.RawData/K17_2021/K17_2021_EKDN230044529-1A_HFLT5DSX7_L3_1.fq.gz	/hdd0/raid3/scratch/MEGshared/ea_biofilm/data/F001/01.RawData/K17_2021/K17_2021_EKDN230044529-1A_HFLT5DSX7_L3_2.fq.gz
K18	/hdd0/raid3/scratch/MEGshared/ea_biofilm/data/F001/01.RawData/K18_2021/K18_2021_EKDN230044530-1A_HFLT5DSX7_L3_1.fq.gz	/hdd0/raid3/scratch/MEGshared/ea_biofilm/data/F001/01.RawData/K18_2021/K18_2021_EKDN230044530-1A_HFLT5DSX7_L3_2.fq.gz
K38	/hdd0/raid3/scratch/MEGshared/ea_biofilm/data/F001/01.RawData/K38_2021/K38_2021_EKDN230044531-1A_HFLT5DSX7_L3_1.fq.gz	/hdd0/raid3/scratch/MEGshared/ea_biofilm/data/F001/01.RawData/K38_2021/K38_2021_EKDN230044531-1A_HFLT5DSX7_L3_2.fq.gz
K54	/hdd0/raid3/scratch/MEGshared/ea_biofilm/data/F001/01.RawData/K54_2021/K54_2021_EKDN230044532-1A_HFLT5DSX7_L3_1.fq.gz	/hdd0/raid3/scratch/MEGshared/ea_biofilm/data/F001/01.RawData/K54_2021/K54_2021_EKDN230044532-1A_HFLT5DSX7_L3_2.fq.gz
L10	/hdd0/raid3/scratch/MEGshared/ea_biofilm/data/F001/01.RawData/L10_2021/L10_2021_EKDN230044534-1A_HFLT5DSX7_L3_1.fq.gz	/hdd0/raid3/scratch/MEGshared/ea_biofilm/data/F001/01.RawData/L10_2021/L10_2021_EKDN230044534-1A_HFLT5DSX7_L3_2.fq.gz
L16	/hdd0/raid3/scratch/MEGshared/ea_biofilm/data/F001/01.RawData/L16_2021/L16_2021_EKDN230044535-1A_HFLT5DSX7_L3_1.fq.gz	/hdd0/raid3/scratch/MEGshared/ea_biofilm/data/F001/01.RawData/L16_2021/L16_2021_EKDN230044535-1A_HFLT5DSX7_L3_2.fq.gz
L31	/hdd0/raid3/scratch/MEGshared/ea_biofilm/data/F001/01.RawData/L31_2021/L31_2021_EKDN230044536-1A_HFLT5DSX7_L3_1.fq.gz	/hdd0/raid3/scratch/MEGshared/ea_biofilm/data/F001/01.RawData/L31_2021/L31_2021_EKDN230044536-1A_HFLT5DSX7_L3_2.fq.gz
L7	/hdd0/raid3/scratch/MEGshared/ea_biofilm/data/F001/01.RawData/L7_2021/L7_2021_EKDN230044533-1A_HFLT5DSX7_L3_1.fq.gz	/hdd0/raid3/scratch/MEGshared/ea_biofilm/data/F001/01.RawData/L7_2021/L7_2021_EKDN230044533-1A_HFLT5DSX7_L3_2.fq.gz
M55	/hdd0/raid3/scratch/MEGshared/ea_biofilm/data/F001/01.RawData/M55_2021/M55_2021_EKDN230044537-1A_HFLT5DSX7_L3_1.fq.gz	/hdd0/raid3/scratch/MEGshared/ea_biofilm/data/F001/01.RawData/M55_2021/M55_2021_EKDN230044537-1A_HFLT5DSX7_L3_2.fq.gz
M63	/hdd0/raid3/scratch/MEGshared/ea_biofilm/data/F001/01.RawData/M63_2021/M63_2021_EKDN230044538-1A_HFLT5DSX7_L3_1.fq.gz	/hdd0/raid3/scratch/MEGshared/ea_biofilm/data/F001/01.RawData/M63_2021/M63_2021_EKDN230044538-1A_HFLT5DSX7_L3_2.fq.gz
M65	/hdd0/raid3/scratch/MEGshared/ea_biofilm/data/F001/01.RawData/M65_2021/M65_2021_EKDN230044539-1A_HVJFNDSX7_L3_1.fq.gz	/hdd0/raid3/scratch/MEGshared/ea_biofilm/data/F001/01.RawData/M65_2021/M65_2021_EKDN230044539-1A_HVJFNDSX7_L3_2.fq.gz
N19	/hdd0/raid3/scratch/MEGshared/ea_biofilm/data/F001/01.RawData/N19_2021/N19_2021_EKDN230044540-1A_HFLT5DSX7_L3_1.fq.gz	/hdd0/raid3/scratch/MEGshared/ea_biofilm/data/F001/01.RawData/N19_2021/N19_2021_EKDN230044540-1A_HFLT5DSX7_L3_2.fq.gz
N50	/hdd0/raid3/scratch/MEGshared/ea_biofilm/data/F001/01.RawData/N50_2021/N50_2021_EKDN230044541-1A_HFLT5DSX7_L3_1.fq.gz	/hdd0/raid3/scratch/MEGshared/ea_biofilm/data/F001/01.RawData/N50_2021/N50_2021_EKDN230044541-1A_HFLT5DSX7_L3_2.fq.gz
N52	/hdd0/raid3/scratch/MEGshared/ea_biofilm/data/F001/01.RawData/N52_2021/N52_2021_EKDN230044542-1A_HFLT5DSX7_L4_1.fq.gz	/hdd0/raid3/scratch/MEGshared/ea_biofilm/data/F001/01.RawData/N52_2021/N52_2021_EKDN230044542-1A_HFLT5DSX7_L4_2.fq.gz
O17	/hdd0/raid3/scratch/MEGshared/ea_biofilm/data/F001/01.RawData/O17_2021/O17_2021_EKDN230044543-1A_HVJFNDSX7_L3_1.fq.gz	/hdd0/raid3/scratch/MEGshared/ea_biofilm/data/F001/01.RawData/O17_2021/O17_2021_EKDN230044543-1A_HVJFNDSX7_L3_2.fq.gz
P13	/hdd0/raid3/scratch/MEGshared/ea_biofilm/data/F001/01.RawData/P13_2021/P13_2021_EKDN230044545-1A_HFLT5DSX7_L3_1.fq.gz	/hdd0/raid3/scratch/MEGshared/ea_biofilm/data/F001/01.RawData/P13_2021/P13_2021_EKDN230044545-1A_HFLT5DSX7_L3_2.fq.gz
P19	/hdd0/raid3/scratch/MEGshared/ea_biofilm/data/F001/01.RawData/P19_2021/P19_2021_EKDN230044546-1A_HFLT5DSX7_L3_1.fq.gz	/hdd0/raid3/scratch/MEGshared/ea_biofilm/data/F001/01.RawData/P19_2021/P19_2021_EKDN230044546-1A_HFLT5DSX7_L3_2.fq.gz
P4	/hdd0/raid3/scratch/MEGshared/ea_biofilm/data/F001/01.RawData/P4_2021/P4_2021_EKDN230044544-1A_HFJJ3DSX7_L1_1.fq.gz	/hdd0/raid3/scratch/MEGshared/ea_biofilm/data/F001/01.RawData/P4_2021/P4_2021_EKDN230044544-1A_HFJJ3DSX7_L1_2.fq.gz
P44	/hdd0/raid3/scratch/MEGshared/ea_biofilm/data/F001/01.RawData/P44_2021/P44_2021_EKDN230044547-1A_HFLT5DSX7_L3_1.fq.gz	/hdd0/raid3/scratch/MEGshared/ea_biofilm/data/F001/01.RawData/P44_2021/P44_2021_EKDN230044547-1A_HFLT5DSX7_L3_2.fq.gz
P55	/hdd0/raid3/scratch/MEGshared/ea_biofilm/data/F001/01.RawData/P55_2021/P55_2021_EKDN230044548-1A_HVJFNDSX7_L3_1.fq.gz	/hdd0/raid3/scratch/MEGshared/ea_biofilm/data/F001/01.RawData/P55_2021/P55_2021_EKDN230044548-1A_HVJFNDSX7_L3_2.fq.gz
P62	/hdd0/raid3/scratch/MEGshared/ea_biofilm/data/F001/01.RawData/P62_2021/P62_2021_EKDN230044549-1A_HFLT5DSX7_L3_1.fq.gz	/hdd0/raid3/scratch/MEGshared/ea_biofilm/data/F001/01.RawData/P62_2021/P62_2021_EKDN230044549-1A_HFLT5DSX7_L3_2.fq.gz
Q15	/hdd0/raid3/scratch/MEGshared/ea_biofilm/data/F001/01.RawData/Q15_2021/Q15_2021_EKDN230044550-1A_HFLT5DSX7_L3_1.fq.gz	/hdd0/raid3/scratch/MEGshared/ea_biofilm/data/F001/01.RawData/Q15_2021/Q15_2021_EKDN230044550-1A_HFLT5DSX7_L3_2.fq.gz
Q29	/hdd0/raid3/scratch/MEGshared/ea_biofilm/data/F001/01.RawData/Q29_2021/Q29_2021_EKDN230044551-1A_HFLT5DSX7_L3_1.fq.gz	/hdd0/raid3/scratch/MEGshared/ea_biofilm/data/F001/01.RawData/Q29_2021/Q29_2021_EKDN230044551-1A_HFLT5DSX7_L3_2.fq.gz
Q34	/hdd0/raid3/scratch/MEGshared/ea_biofilm/data/F001/01.RawData/Q34_2021/Q34_2021_EKDN230044552-1A_HFLT5DSX7_L3_1.fq.gz	/hdd0/raid3/scratch/MEGshared/ea_biofilm/data/F001/01.RawData/Q34_2021/Q34_2021_EKDN230044552-1A_HFLT5DSX7_L3_2.fq.gz
Q41	/hdd0/raid3/scratch/MEGshared/ea_biofilm/data/F001/01.RawData/Q41_2021/Q41_2021_EKDN230044553-1A_HFLT5DSX7_L3_1.fq.gz	/hdd0/raid3/scratch/MEGshared/ea_biofilm/data/F001/01.RawData/Q41_2021/Q41_2021_EKDN230044553-1A_HFLT5DSX7_L3_2.fq.gz
R11	/hdd0/raid3/scratch/MEGshared/ea_biofilm/data/F001/01.RawData/R11_2021/R11_2021_EKDN230044554-1A_HVJFNDSX7_L3_1.fq.gz	/hdd0/raid3/scratch/MEGshared/ea_biofilm/data/F001/01.RawData/R11_2021/R11_2021_EKDN230044554-1A_HVJFNDSX7_L3_2.fq.gz
R12	/hdd0/raid3/scratch/MEGshared/ea_biofilm/data/F001/01.RawData/R12_2021/R12_2021_EKDN230044555-1A_HVJFNDSX7_L3_1.fq.gz	/hdd0/raid3/scratch/MEGshared/ea_biofilm/data/F001/01.RawData/R12_2021/R12_2021_EKDN230044555-1A_HVJFNDSX7_L3_2.fq.gz
R45	/hdd0/raid3/scratch/MEGshared/ea_biofilm/data/F001/01.RawData/R45_2021/R45_2021_EKDN230044556-1A_HVJFNDSX7_L3_1.fq.gz	/hdd0/raid3/scratch/MEGshared/ea_biofilm/data/F001/01.RawData/R45_2021/R45_2021_EKDN230044556-1A_HVJFNDSX7_L3_2.fq.gz
R46	/hdd0/raid3/scratch/MEGshared/ea_biofilm/data/F001/01.RawData/R46_2021/R46_2021_concatenated_1.fq.gz	/hdd0/raid3/scratch/MEGshared/ea_biofilm/data/F001/01.RawData/R46_2021/R46_2021_concatenated_2.fq.gz
R60	/hdd0/raid3/scratch/MEGshared/ea_biofilm/data/F001/01.RawData/R60_2021/R60_2021_EKDN230044558-1A_HVJFNDSX7_L3_1.fq.gz	/hdd0/raid3/scratch/MEGshared/ea_biofilm/data/F001/01.RawData/R60_2021/R60_2021_EKDN230044558-1A_HVJFNDSX7_L3_2.fq.gz
S20	/hdd0/raid3/scratch/MEGshared/ea_biofilm/data/F001/01.RawData/S20_2021/S20_2021_EKDN230044559-1A_HVJFNDSX7_L3_1.fq.gz	/hdd0/raid3/scratch/MEGshared/ea_biofilm/data/F001/01.RawData/S20_2021/S20_2021_EKDN230044559-1A_HVJFNDSX7_L3_2.fq.gz
S24	/hdd0/raid3/scratch/MEGshared/ea_biofilm/data/F001/01.RawData/S24_2021/S24_2021_EKDN230044560-1A_HVJFNDSX7_L3_1.fq.gz	/hdd0/raid3/scratch/MEGshared/ea_biofilm/data/F001/01.RawData/S24_2021/S24_2021_EKDN230044560-1A_HVJFNDSX7_L3_2.fq.gz
S25	/hdd0/raid3/scratch/MEGshared/ea_biofilm/data/F001/01.RawData/S25_2021/S25_2021_EKDN230044561-1A_HVJFNDSX7_L3_1.fq.gz	/hdd0/raid3/scratch/MEGshared/ea_biofilm/data/F001/01.RawData/S25_2021/S25_2021_EKDN230044561-1A_HVJFNDSX7_L3_2.fq.gz
S27	/hdd0/raid3/scratch/MEGshared/ea_biofilm/data/F001/01.RawData/S27_2021/S27_2021_EKDN230044562-1A_HVJFNDSX7_L3_1.fq.gz	/hdd0/raid3/scratch/MEGshared/ea_biofilm/data/F001/01.RawData/S27_2021/S27_2021_EKDN230044562-1A_HVJFNDSX7_L3_2.fq.gz
S43	/hdd0/raid3/scratch/MEGshared/ea_biofilm/data/F001/01.RawData/S43_2021/S43_2021_EKDN230044563-1A_HVJFNDSX7_L3_1.fq.gz	/hdd0/raid3/scratch/MEGshared/ea_biofilm/data/F001/01.RawData/S43_2021/S43_2021_EKDN230044563-1A_HVJFNDSX7_L3_2.fq.gz
T10	/hdd0/raid3/scratch/MEGshared/ea_biofilm/data/F001/01.RawData/T10_2021/T10_2021_EKDN230044564-1A_HVJFNDSX7_L3_1.fq.gz	/hdd0/raid3/scratch/MEGshared/ea_biofilm/data/F001/01.RawData/T10_2021/T10_2021_EKDN230044564-1A_HVJFNDSX7_L3_2.fq.gz
T19	/hdd0/raid3/scratch/MEGshared/ea_biofilm/data/F001/01.RawData/T19_2021/T19_2021_EKDN230044565-1A_HVJFNDSX7_L3_1.fq.gz	/hdd0/raid3/scratch/MEGshared/ea_biofilm/data/F001/01.RawData/T19_2021/T19_2021_EKDN230044565-1A_HVJFNDSX7_L3_2.fq.gz
U33	/hdd0/raid3/scratch/MEGshared/ea_biofilm/data/F001/01.RawData/U33_2021/U33_2021_EKDN230044566-1A_HVJFNDSX7_L3_1.fq.gz	/hdd0/raid3/scratch/MEGshared/ea_biofilm/data/F001/01.RawData/U33_2021/U33_2021_EKDN230044566-1A_HVJFNDSX7_L3_2.fq.gz
U34	/hdd0/raid3/scratch/MEGshared/ea_biofilm/data/F001/01.RawData/U34_2021/U34_2021_EKDN230044567-1A_HVJFNDSX7_L3_1.fq.gz	/hdd0/raid3/scratch/MEGshared/ea_biofilm/data/F001/01.RawData/U34_2021/U34_2021_EKDN230044567-1A_HVJFNDSX7_L3_2.fq.gz
U51	/hdd0/raid3/scratch/MEGshared/ea_biofilm/data/F001/01.RawData/U51_2021/U51_2021_EKDN230044568-1A_HVJFNDSX7_L3_1.fq.gz	/hdd0/raid3/scratch/MEGshared/ea_biofilm/data/F001/01.RawData/U51_2021/U51_2021_EKDN230044568-1A_HVJFNDSX7_L3_2.fq.gz
A30_2022	/hdd0/raid3/scratch/MEGshared/ea_biofilm/data/F002/01.RawData/A30_2022/A30_2022_EKDN230044571-1A_HVJFNDSX7_L3_1.fq.gz	/hdd0/raid3/scratch/MEGshared/ea_biofilm/data/F002/01.RawData/A30_2022/A30_2022_EKDN230044571-1A_HVJFNDSX7_L3_2.fq.gz
A3_2022	/hdd0/raid3/scratch/MEGshared/ea_biofilm/data/F002/01.RawData/A3_2022/A3_2022_EKDN230044570-1A_HVJFNDSX7_L3_1.fq.gz	/hdd0/raid3/scratch/MEGshared/ea_biofilm/data/F002/01.RawData/A3_2022/A3_2022_EKDN230044570-1A_HVJFNDSX7_L3_2.fq.gz
B1_2022	/hdd0/raid3/scratch/MEGshared/ea_biofilm/data/F002/01.RawData/B1_2022/B1_2022_EKDN230044572-1A_HVJFNDSX7_L3_1.fq.gz	/hdd0/raid3/scratch/MEGshared/ea_biofilm/data/F002/01.RawData/B1_2022/B1_2022_EKDN230044572-1A_HVJFNDSX7_L3_2.fq.gz
B38_2022	/hdd0/raid3/scratch/MEGshared/ea_biofilm/data/F002/01.RawData/B38_2022/B38_2022_concatenated_1.fq.gz	/hdd0/raid3/scratch/MEGshared/ea_biofilm/data/F002/01.RawData/B38_2022/B38_2022_concatenated_2.fq.gz
B58_2022	/hdd0/raid3/scratch/MEGshared/ea_biofilm/data/F002/01.RawData/B58_2022/B58_2022_EKDN230044574-1A_HVJFNDSX7_L3_1.fq.gz	/hdd0/raid3/scratch/MEGshared/ea_biofilm/data/F002/01.RawData/B58_2022/B58_2022_EKDN230044574-1A_HVJFNDSX7_L3_2.fq.gz
B60_2022	/hdd0/raid3/scratch/MEGshared/ea_biofilm/data/F002/01.RawData/B60_2022/B60_2022_EKDN230044575-1A_HVJFNDSX7_L3_1.fq.gz	/hdd0/raid3/scratch/MEGshared/ea_biofilm/data/F002/01.RawData/B60_2022/B60_2022_EKDN230044575-1A_HVJFNDSX7_L3_2.fq.gz
B63_2022	/hdd0/raid3/scratch/MEGshared/ea_biofilm/data/F002/01.RawData/B63_2022/B63_2022_EKDN230044576-1A_HVJFNDSX7_L3_1.fq.gz	/hdd0/raid3/scratch/MEGshared/ea_biofilm/data/F002/01.RawData/B63_2022/B63_2022_EKDN230044576-1A_HVJFNDSX7_L3_2.fq.gz
B64_2022	/hdd0/raid3/scratch/MEGshared/ea_biofilm/data/F002/01.RawData/B64_2022/B64_2022_EKDN230044577-1A_HVJFNDSX7_L3_1.fq.gz	/hdd0/raid3/scratch/MEGshared/ea_biofilm/data/F002/01.RawData/B64_2022/B64_2022_EKDN230044577-1A_HVJFNDSX7_L3_2.fq.gz
C25_2022	/hdd0/raid3/scratch/MEGshared/ea_biofilm/data/F002/01.RawData/C25_2022/C25_2022_EKDN230044578-1A_HVJFNDSX7_L3_1.fq.gz	/hdd0/raid3/scratch/MEGshared/ea_biofilm/data/F002/01.RawData/C25_2022/C25_2022_EKDN230044578-1A_HVJFNDSX7_L3_2.fq.gz
C27_2022	/hdd0/raid3/scratch/MEGshared/ea_biofilm/data/F002/01.RawData/C27_2022/C27_2022_EKDN230044579-1A_HVJFNDSX7_L3_1.fq.gz	/hdd0/raid3/scratch/MEGshared/ea_biofilm/data/F002/01.RawData/C27_2022/C27_2022_EKDN230044579-1A_HVJFNDSX7_L3_2.fq.gz
C39_2022	/hdd0/raid3/scratch/MEGshared/ea_biofilm/data/F002/01.RawData/C39_2022/C39_2022_EKDN230044580-1A_HVJFNDSX7_L4_1.fq.gz	/hdd0/raid3/scratch/MEGshared/ea_biofilm/data/F002/01.RawData/C39_2022/C39_2022_EKDN230044580-1A_HVJFNDSX7_L4_2.fq.gz
C43_2022	/hdd0/raid3/scratch/MEGshared/ea_biofilm/data/F002/01.RawData/C43_2022/C43_2022_EKDN230044581-1A_HVJFNDSX7_L3_1.fq.gz	/hdd0/raid3/scratch/MEGshared/ea_biofilm/data/F002/01.RawData/C43_2022/C43_2022_EKDN230044581-1A_HVJFNDSX7_L3_2.fq.gz
C48_2022	/hdd0/raid3/scratch/MEGshared/ea_biofilm/data/F002/01.RawData/C48_2022/C48_2022_EKDN230044582-1A_HVJFNDSX7_L3_1.fq.gz	/hdd0/raid3/scratch/MEGshared/ea_biofilm/data/F002/01.RawData/C48_2022/C48_2022_EKDN230044582-1A_HVJFNDSX7_L3_2.fq.gz
C58_2022	/hdd0/raid3/scratch/MEGshared/ea_biofilm/data/F002/01.RawData/C58_2022/C58_2022_EKDN230044583-1A_HVJFNDSX7_L4_1.fq.gz	/hdd0/raid3/scratch/MEGshared/ea_biofilm/data/F002/01.RawData/C58_2022/C58_2022_EKDN230044583-1A_HVJFNDSX7_L4_2.fq.gz
C64_2022	/hdd0/raid3/scratch/MEGshared/ea_biofilm/data/F002/01.RawData/C64_2022/C64_2022_concatenated_1.fq.gz	/hdd0/raid3/scratch/MEGshared/ea_biofilm/data/F002/01.RawData/C64_2022/C64_2022_concatenated_2.fq.gz
D16_2022	/hdd0/raid3/scratch/MEGshared/ea_biofilm/data/F002/01.RawData/D16_2022/D16_2022_EKDN230044585-1A_HVJFNDSX7_L4_1.fq.gz	/hdd0/raid3/scratch/MEGshared/ea_biofilm/data/F002/01.RawData/D16_2022/D16_2022_EKDN230044585-1A_HVJFNDSX7_L4_2.fq.gz
D28_2022	/hdd0/raid3/scratch/MEGshared/ea_biofilm/data/F002/01.RawData/D28_2022/D28_2022_EKDN230044586-1A_HVJFNDSX7_L3_1.fq.gz	/hdd0/raid3/scratch/MEGshared/ea_biofilm/data/F002/01.RawData/D28_2022/D28_2022_EKDN230044586-1A_HVJFNDSX7_L3_2.fq.gz
D37_2022	/hdd0/raid3/scratch/MEGshared/ea_biofilm/data/F002/01.RawData/D37_2022/D37_2022_EKDN230044587-1A_HVJFNDSX7_L4_1.fq.gz	/hdd0/raid3/scratch/MEGshared/ea_biofilm/data/F002/01.RawData/D37_2022/D37_2022_EKDN230044587-1A_HVJFNDSX7_L4_2.fq.gz
D60_2022	/hdd0/raid3/scratch/MEGshared/ea_biofilm/data/F002/01.RawData/D60_2022/D60_2022_EKDN230044588-1A_HVJFNDSX7_L3_1.fq.gz	/hdd0/raid3/scratch/MEGshared/ea_biofilm/data/F002/01.RawData/D60_2022/D60_2022_EKDN230044588-1A_HVJFNDSX7_L3_2.fq.gz
E13_2022	/hdd0/raid3/scratch/MEGshared/ea_biofilm/data/F002/01.RawData/E13_2022/E13_2022_EKDN230044589-1A_HVJFNDSX7_L3_1.fq.gz	/hdd0/raid3/scratch/MEGshared/ea_biofilm/data/F002/01.RawData/E13_2022/E13_2022_EKDN230044589-1A_HVJFNDSX7_L3_2.fq.gz
E19_2022	/hdd0/raid3/scratch/MEGshared/ea_biofilm/data/F002/01.RawData/E19_2022/E19_2022_EKDN230044590-1A_HVJFNDSX7_L4_1.fq.gz	/hdd0/raid3/scratch/MEGshared/ea_biofilm/data/F002/01.RawData/E19_2022/E19_2022_EKDN230044590-1A_HVJFNDSX7_L4_2.fq.gz
E28_2022	/hdd0/raid3/scratch/MEGshared/ea_biofilm/data/F002/01.RawData/E28_2022/E28_2022_EKDN230044591-1A_HVJFNDSX7_L3_1.fq.gz	/hdd0/raid3/scratch/MEGshared/ea_biofilm/data/F002/01.RawData/E28_2022/E28_2022_EKDN230044591-1A_HVJFNDSX7_L3_2.fq.gz
E39_2022	/hdd0/raid3/scratch/MEGshared/ea_biofilm/data/F002/01.RawData/E39_2022/E39_2022_concatenated_1.fq.gz	/hdd0/raid3/scratch/MEGshared/ea_biofilm/data/F002/01.RawData/E39_2022/E39_2022_concatenated_2.fq.gz
E63_2022	/hdd0/raid3/scratch/MEGshared/ea_biofilm/data/F002/01.RawData/E63_2022/E63_2022_EKDN230044593-1A_HVJFNDSX7_L4_1.fq.gz	/hdd0/raid3/scratch/MEGshared/ea_biofilm/data/F002/01.RawData/E63_2022/E63_2022_EKDN230044593-1A_HVJFNDSX7_L4_2.fq.gz
F15_2022	/hdd0/raid3/scratch/MEGshared/ea_biofilm/data/F002/01.RawData/F15_2022/F15_2022_EKDN230044597-1A_HVJFNDSX7_L4_1.fq.gz	/hdd0/raid3/scratch/MEGshared/ea_biofilm/data/F002/01.RawData/F15_2022/F15_2022_EKDN230044597-1A_HVJFNDSX7_L4_2.fq.gz
F19	/hdd0/raid3/scratch/MEGshared/ea_biofilm/data/F002/01.RawData/F19_2021/F19_2021_EKDN230044656-1A_HFJJ3DSX7_L1_1.fq.gz	/hdd0/raid3/scratch/MEGshared/ea_biofilm/data/F002/01.RawData/F19_2021/F19_2021_EKDN230044656-1A_HFJJ3DSX7_L1_2.fq.gz
F21_2022	/hdd0/raid3/scratch/MEGshared/ea_biofilm/data/F002/01.RawData/F21_2022/F21_2022_EKDN230044598-1A_HVJFNDSX7_L4_1.fq.gz	/hdd0/raid3/scratch/MEGshared/ea_biofilm/data/F002/01.RawData/F21_2022/F21_2022_EKDN230044598-1A_HVJFNDSX7_L4_2.fq.gz
F5_2022	/hdd0/raid3/scratch/MEGshared/ea_biofilm/data/F002/01.RawData/F5_2022/F5_2022_EKDN230044594-1A_HVJFNDSX7_L4_1.fq.gz	/hdd0/raid3/scratch/MEGshared/ea_biofilm/data/F002/01.RawData/F5_2022/F5_2022_EKDN230044594-1A_HVJFNDSX7_L4_2.fq.gz
F54_2022	/hdd0/raid3/scratch/MEGshared/ea_biofilm/data/F002/01.RawData/F54_2022/F54_2022_EKDN230044599-1A_HVJFNDSX7_L4_1.fq.gz	/hdd0/raid3/scratch/MEGshared/ea_biofilm/data/F002/01.RawData/F54_2022/F54_2022_EKDN230044599-1A_HVJFNDSX7_L4_2.fq.gz
F6_2022	/hdd0/raid3/scratch/MEGshared/ea_biofilm/data/F002/01.RawData/F6_2022/F6_2022_concatenated_1.fq.gz	/hdd0/raid3/scratch/MEGshared/ea_biofilm/data/F002/01.RawData/F6_2022/F6_2022_concatenated_2.fq.gz
F8_2022	/hdd0/raid3/scratch/MEGshared/ea_biofilm/data/F002/01.RawData/F8_2022/F8_2022_EKDN230044596-1A_HVJFNDSX7_L4_1.fq.gz	/hdd0/raid3/scratch/MEGshared/ea_biofilm/data/F002/01.RawData/F8_2022/F8_2022_EKDN230044596-1A_HVJFNDSX7_L4_2.fq.gz
G20_2022	/hdd0/raid3/scratch/MEGshared/ea_biofilm/data/F002/01.RawData/G20_2022/G20_2022_EKDN230044601-1A_HVJFNDSX7_L4_1.fq.gz	/hdd0/raid3/scratch/MEGshared/ea_biofilm/data/F002/01.RawData/G20_2022/G20_2022_EKDN230044601-1A_HVJFNDSX7_L4_2.fq.gz
G21_2022	/hdd0/raid3/scratch/MEGshared/ea_biofilm/data/F002/01.RawData/G21_2022/G21_2022_EKDN230044602-1A_HVJFNDSX7_L4_1.fq.gz	/hdd0/raid3/scratch/MEGshared/ea_biofilm/data/F002/01.RawData/G21_2022/G21_2022_EKDN230044602-1A_HVJFNDSX7_L4_2.fq.gz
G22_2022	/hdd0/raid3/scratch/MEGshared/ea_biofilm/data/F002/01.RawData/G22_2022/G22_2022_concatenated_1.fq.gz	/hdd0/raid3/scratch/MEGshared/ea_biofilm/data/F002/01.RawData/G22_2022/G22_2022_concatenated_2.fq.gz
G3_2022	/hdd0/raid3/scratch/MEGshared/ea_biofilm/data/F002/01.RawData/G3_2022/G3_2022_EKDN230044600-1A_HVJFNDSX7_L4_1.fq.gz	/hdd0/raid3/scratch/MEGshared/ea_biofilm/data/F002/01.RawData/G3_2022/G3_2022_EKDN230044600-1A_HVJFNDSX7_L4_2.fq.gz
G41_2022	/hdd0/raid3/scratch/MEGshared/ea_biofilm/data/F002/01.RawData/G41_2022/G41_2022_EKDN230044604-1A_HFJJ3DSX7_L4_1.fq.gz	/hdd0/raid3/scratch/MEGshared/ea_biofilm/data/F002/01.RawData/G41_2022/G41_2022_EKDN230044604-1A_HFJJ3DSX7_L4_2.fq.gz
G61_2022	/hdd0/raid3/scratch/MEGshared/ea_biofilm/data/F002/01.RawData/G61_2022/G61_2022_concatenated_1.fq.gz	/hdd0/raid3/scratch/MEGshared/ea_biofilm/data/F002/01.RawData/G61_2022/G61_2022_concatenated_2.fq.gz
H50_2022	/hdd0/raid3/scratch/MEGshared/ea_biofilm/data/F002/01.RawData/H50_2022/H50_2022_EKDN230044606-1A_HFJHVDSX7_L4_1.fq.gz	/hdd0/raid3/scratch/MEGshared/ea_biofilm/data/F002/01.RawData/H50_2022/H50_2022_EKDN230044606-1A_HFJHVDSX7_L4_2.fq.gz
H61_2022	/hdd0/raid3/scratch/MEGshared/ea_biofilm/data/F002/01.RawData/H61_2022/H61_2022_EKDN230044607-1A_HFJHVDSX7_L4_1.fq.gz	/hdd0/raid3/scratch/MEGshared/ea_biofilm/data/F002/01.RawData/H61_2022/H61_2022_EKDN230044607-1A_HFJHVDSX7_L4_2.fq.gz
I14_2022	/hdd0/raid3/scratch/MEGshared/ea_biofilm/data/F002/01.RawData/I14_2022/I14_2022_concatenated_1.fq.gz	/hdd0/raid3/scratch/MEGshared/ea_biofilm/data/F002/01.RawData/I14_2022/I14_2022_concatenated_2.fq.gz
I27_2022	/hdd0/raid3/scratch/MEGshared/ea_biofilm/data/F002/01.RawData/I27_2022/I27_2022_concatenated_1.fq.gz	/hdd0/raid3/scratch/MEGshared/ea_biofilm/data/F002/01.RawData/I27_2022/I27_2022_concatenated_2.fq.gz
I56_2022	/hdd0/raid3/scratch/MEGshared/ea_biofilm/data/F002/01.RawData/I56_2022/I56_2022_EKDN230044611-1A_HFJHVDSX7_L4_1.fq.gz	/hdd0/raid3/scratch/MEGshared/ea_biofilm/data/F002/01.RawData/I56_2022/I56_2022_EKDN230044611-1A_HFJHVDSX7_L4_2.fq.gz
I8_2022	/hdd0/raid3/scratch/MEGshared/ea_biofilm/data/F002/01.RawData/I8_2022/I8_2022_EKDN230044608-1A_HFJHVDSX7_L4_1.fq.gz	/hdd0/raid3/scratch/MEGshared/ea_biofilm/data/F002/01.RawData/I8_2022/I8_2022_EKDN230044608-1A_HFJHVDSX7_L4_2.fq.gz
J36_2022	/hdd0/raid3/scratch/MEGshared/ea_biofilm/data/F002/01.RawData/J36_2022/J36_2022_concatenated_1.fq.gz	/hdd0/raid3/scratch/MEGshared/ea_biofilm/data/F002/01.RawData/J36_2022/J36_2022_concatenated_2.fq.gz
J37_2022	/hdd0/raid3/scratch/MEGshared/ea_biofilm/data/F002/01.RawData/J37_2022/J37_2022_EKDN230044613-1A_HFJJ3DSX7_L4_1.fq.gz	/hdd0/raid3/scratch/MEGshared/ea_biofilm/data/F002/01.RawData/J37_2022/J37_2022_EKDN230044613-1A_HFJJ3DSX7_L4_2.fq.gz
J39_2022	/hdd0/raid3/scratch/MEGshared/ea_biofilm/data/F002/01.RawData/J39_2022/J39_2022_concatenated_1.fq.gz	/hdd0/raid3/scratch/MEGshared/ea_biofilm/data/F002/01.RawData/J39_2022/J39_2022_concatenated_2.fq.gz
J55_2022	/hdd0/raid3/scratch/MEGshared/ea_biofilm/data/F002/01.RawData/J55_2022/J55_2022_concatenated_1.fq.gz	/hdd0/raid3/scratch/MEGshared/ea_biofilm/data/F002/01.RawData/J55_2022/J55_2022_concatenated_2.fq.gz
J56_2022	/hdd0/raid3/scratch/MEGshared/ea_biofilm/data/F002/01.RawData/J56_2022/J56_2022_concatenated_1.fq.gz	/hdd0/raid3/scratch/MEGshared/ea_biofilm/data/F002/01.RawData/J56_2022/J56_2022_concatenated_2.fq.gz
K11_2022	/hdd0/raid3/scratch/MEGshared/ea_biofilm/data/F002/01.RawData/K11_2022/K11_2022_EKDN230044617-1A_HFJHVDSX7_L4_1.fq.gz	/hdd0/raid3/scratch/MEGshared/ea_biofilm/data/F002/01.RawData/K11_2022/K11_2022_EKDN230044617-1A_HFJHVDSX7_L4_2.fq.gz
K14_2022	/hdd0/raid3/scratch/MEGshared/ea_biofilm/data/F002/01.RawData/K14_2022/K14_2022_concatenated_1.fq.gz	/hdd0/raid3/scratch/MEGshared/ea_biofilm/data/F002/01.RawData/K14_2022/K14_2022_concatenated_2.fq.gz
K5	/hdd0/raid3/scratch/MEGshared/ea_biofilm/data/F002/01.RawData/K5_2021/K5_2021_concatenated_1.fq.gz	/hdd0/raid3/scratch/MEGshared/ea_biofilm/data/F002/01.RawData/K5_2021/K5_2021_concatenated_2.fq.gz
K61_2022	/hdd0/raid3/scratch/MEGshared/ea_biofilm/data/F002/01.RawData/K61_2022/K61_2022_concatenated_1.fq.gz	/hdd0/raid3/scratch/MEGshared/ea_biofilm/data/F002/01.RawData/K61_2022/K61_2022_concatenated_2.fq.gz
K63_2022	/hdd0/raid3/scratch/MEGshared/ea_biofilm/data/F002/01.RawData/K63_2022/K63_2022_EKDN230044620-1A_HFJHVDSX7_L4_1.fq.gz	/hdd0/raid3/scratch/MEGshared/ea_biofilm/data/F002/01.RawData/K63_2022/K63_2022_EKDN230044620-1A_HFJHVDSX7_L4_2.fq.gz
L10_2022	/hdd0/raid3/scratch/MEGshared/ea_biofilm/data/F002/01.RawData/L10_2022/L10_2022_concatenated_1.fq.gz	/hdd0/raid3/scratch/MEGshared/ea_biofilm/data/F002/01.RawData/L10_2022/L10_2022_concatenated_2.fq.gz
L25_2022	/hdd0/raid3/scratch/MEGshared/ea_biofilm/data/F002/01.RawData/L25_2022/L25_2022_concatenated_1.fq.gz	/hdd0/raid3/scratch/MEGshared/ea_biofilm/data/F002/01.RawData/L25_2022/L25_2022_concatenated_2.fq.gz
L31_2022	/hdd0/raid3/scratch/MEGshared/ea_biofilm/data/F002/01.RawData/L31_2022/L31_2022_EKDN230044625-1A_HFJHVDSX7_L3_1.fq.gz	/hdd0/raid3/scratch/MEGshared/ea_biofilm/data/F002/01.RawData/L31_2022/L31_2022_EKDN230044625-1A_HFJHVDSX7_L3_2.fq.gz
L32_2022	/hdd0/raid3/scratch/MEGshared/ea_biofilm/data/F002/01.RawData/L32_2022/L32_2022_EKDN230044626-1A_HFJHVDSX7_L3_1.fq.gz	/hdd0/raid3/scratch/MEGshared/ea_biofilm/data/F002/01.RawData/L32_2022/L32_2022_EKDN230044626-1A_HFJHVDSX7_L3_2.fq.gz
L39	/hdd0/raid3/scratch/MEGshared/ea_biofilm/data/F002/01.RawData/L39_2021/L39_2021_EKDN230044657-1A_HFLT5DSX7_L4_1.fq.gz	/hdd0/raid3/scratch/MEGshared/ea_biofilm/data/F002/01.RawData/L39_2021/L39_2021_EKDN230044657-1A_HFLT5DSX7_L4_2.fq.gz
L4_2022	/hdd0/raid3/scratch/MEGshared/ea_biofilm/data/F002/01.RawData/L4_2022/L4_2022_EKDN230044621-1A_HFJHVDSX7_L4_1.fq.gz	/hdd0/raid3/scratch/MEGshared/ea_biofilm/data/F002/01.RawData/L4_2022/L4_2022_EKDN230044621-1A_HFJHVDSX7_L4_2.fq.gz
L56_2022	/hdd0/raid3/scratch/MEGshared/ea_biofilm/data/F002/01.RawData/L56_2022/L56_2022_EKDN230044627-1A_HFJHVDSX7_L3_1.fq.gz	/hdd0/raid3/scratch/MEGshared/ea_biofilm/data/F002/01.RawData/L56_2022/L56_2022_EKDN230044627-1A_HFJHVDSX7_L3_2.fq.gz
L62_2022	/hdd0/raid3/scratch/MEGshared/ea_biofilm/data/F002/01.RawData/L62_2022/L62_2022_EKDN230044628-1A_HFJHVDSX7_L3_1.fq.gz	/hdd0/raid3/scratch/MEGshared/ea_biofilm/data/F002/01.RawData/L62_2022/L62_2022_EKDN230044628-1A_HFJHVDSX7_L3_2.fq.gz
L9_2022	/hdd0/raid3/scratch/MEGshared/ea_biofilm/data/F002/01.RawData/L9_2022/L9_2022_EKDN230044622-1A_HFJHVDSX7_L4_1.fq.gz	/hdd0/raid3/scratch/MEGshared/ea_biofilm/data/F002/01.RawData/L9_2022/L9_2022_EKDN230044622-1A_HFJHVDSX7_L4_2.fq.gz
M3_2022	/hdd0/raid3/scratch/MEGshared/ea_biofilm/data/F002/01.RawData/M3_2022/M3_2022_concatenated_1.fq.gz	/hdd0/raid3/scratch/MEGshared/ea_biofilm/data/F002/01.RawData/M3_2022/M3_2022_concatenated_2.fq.gz
M33_2022	/hdd0/raid3/scratch/MEGshared/ea_biofilm/data/F002/01.RawData/M33_2022/M33_2022_EKDN230044630-1A_HFJHVDSX7_L3_1.fq.gz	/hdd0/raid3/scratch/MEGshared/ea_biofilm/data/F002/01.RawData/M33_2022/M33_2022_EKDN230044630-1A_HFJHVDSX7_L3_2.fq.gz
M52_2022	/hdd0/raid3/scratch/MEGshared/ea_biofilm/data/F002/01.RawData/M52_2022/M52_2022_EKDN230044631-1A_HFJHVDSX7_L3_1.fq.gz	/hdd0/raid3/scratch/MEGshared/ea_biofilm/data/F002/01.RawData/M52_2022/M52_2022_EKDN230044631-1A_HFJHVDSX7_L3_2.fq.gz
M60_2022	/hdd0/raid3/scratch/MEGshared/ea_biofilm/data/F002/01.RawData/M60_2022/M60_2022_EKDN230044632-1A_HFJHVDSX7_L3_1.fq.gz	/hdd0/raid3/scratch/MEGshared/ea_biofilm/data/F002/01.RawData/M60_2022/M60_2022_EKDN230044632-1A_HFJHVDSX7_L3_2.fq.gz
M63_2022	/hdd0/raid3/scratch/MEGshared/ea_biofilm/data/F002/01.RawData/M63_2022/M63_2022_EKDN230044633-1A_HFJHVDSX7_L3_1.fq.gz	/hdd0/raid3/scratch/MEGshared/ea_biofilm/data/F002/01.RawData/M63_2022/M63_2022_EKDN230044633-1A_HFJHVDSX7_L3_2.fq.gz
M65_2022	/hdd0/raid3/scratch/MEGshared/ea_biofilm/data/F002/01.RawData/M65_2022/M65_2022_EKDN230044634-1A_HFJHVDSX7_L3_1.fq.gz	/hdd0/raid3/scratch/MEGshared/ea_biofilm/data/F002/01.RawData/M65_2022/M65_2022_EKDN230044634-1A_HFJHVDSX7_L3_2.fq.gz
N2_2022	/hdd0/raid3/scratch/MEGshared/ea_biofilm/data/F002/01.RawData/N2_2022/N2_2022_EKDN230044635-1A_HFJHVDSX7_L3_1.fq.gz	/hdd0/raid3/scratch/MEGshared/ea_biofilm/data/F002/01.RawData/N2_2022/N2_2022_EKDN230044635-1A_HFJHVDSX7_L3_2.fq.gz
N30_2022	/hdd0/raid3/scratch/MEGshared/ea_biofilm/data/F002/01.RawData/N30_2022/N30_2022_EKDN230044636-1A_HFJHVDSX7_L3_1.fq.gz	/hdd0/raid3/scratch/MEGshared/ea_biofilm/data/F002/01.RawData/N30_2022/N30_2022_EKDN230044636-1A_HFJHVDSX7_L3_2.fq.gz
N33_2022	/hdd0/raid3/scratch/MEGshared/ea_biofilm/data/F002/01.RawData/N33_2022/N33_2022_EKDN230044637-1A_HFJHVDSX7_L3_1.fq.gz	/hdd0/raid3/scratch/MEGshared/ea_biofilm/data/F002/01.RawData/N33_2022/N33_2022_EKDN230044637-1A_HFJHVDSX7_L3_2.fq.gz
N44_2022	/hdd0/raid3/scratch/MEGshared/ea_biofilm/data/F002/01.RawData/N44_2022/N44_2022_EKDN230044638-1A_HFJHVDSX7_L3_1.fq.gz	/hdd0/raid3/scratch/MEGshared/ea_biofilm/data/F002/01.RawData/N44_2022/N44_2022_EKDN230044638-1A_HFJHVDSX7_L3_2.fq.gz
N59_2022	/hdd0/raid3/scratch/MEGshared/ea_biofilm/data/F002/01.RawData/N59_2022/N59_2022_EKDN230044639-1A_HFJHVDSX7_L3_1.fq.gz	/hdd0/raid3/scratch/MEGshared/ea_biofilm/data/F002/01.RawData/N59_2022/N59_2022_EKDN230044639-1A_HFJHVDSX7_L3_2.fq.gz
N62_2022	/hdd0/raid3/scratch/MEGshared/ea_biofilm/data/F002/01.RawData/N62_2022/N62_2022_concatenated_1.fq.gz	/hdd0/raid3/scratch/MEGshared/ea_biofilm/data/F002/01.RawData/N62_2022/N62_2022_concatenated_2.fq.gz
O25_2022	/hdd0/raid3/scratch/MEGshared/ea_biofilm/data/F002/01.RawData/O25_2022/O25_2022_EKDN230044641-1A_HFJHVDSX7_L3_1.fq.gz	/hdd0/raid3/scratch/MEGshared/ea_biofilm/data/F002/01.RawData/O25_2022/O25_2022_EKDN230044641-1A_HFJHVDSX7_L3_2.fq.gz
O52_2022	/hdd0/raid3/scratch/MEGshared/ea_biofilm/data/F002/01.RawData/O52_2022/O52_2022_EKDN230044642-1A_HFJHVDSX7_L4_1.fq.gz	/hdd0/raid3/scratch/MEGshared/ea_biofilm/data/F002/01.RawData/O52_2022/O52_2022_EKDN230044642-1A_HFJHVDSX7_L4_2.fq.gz
O53_2022	/hdd0/raid3/scratch/MEGshared/ea_biofilm/data/F002/01.RawData/O53_2022/O53_2022_EKDN230044643-1A_HFJHVDSX7_L4_1.fq.gz	/hdd0/raid3/scratch/MEGshared/ea_biofilm/data/F002/01.RawData/O53_2022/O53_2022_EKDN230044643-1A_HFJHVDSX7_L4_2.fq.gz
O62_2022	/hdd0/raid3/scratch/MEGshared/ea_biofilm/data/F002/01.RawData/O62_2022/O62_2022_EKDN230044644-1A_HFJHVDSX7_L4_1.fq.gz	/hdd0/raid3/scratch/MEGshared/ea_biofilm/data/F002/01.RawData/O62_2022/O62_2022_EKDN230044644-1A_HFJHVDSX7_L4_2.fq.gz
P19_2022	/hdd0/raid3/scratch/MEGshared/ea_biofilm/data/F002/01.RawData/P19_2022/P19_2022_concatenated_1.fq.gz	/hdd0/raid3/scratch/MEGshared/ea_biofilm/data/F002/01.RawData/P19_2022/P19_2022_concatenated_2.fq.gz
P22_2022	/hdd0/raid3/scratch/MEGshared/ea_biofilm/data/F002/01.RawData/P22_2022/P22_2022_concatenated_1.fq.gz	/hdd0/raid3/scratch/MEGshared/ea_biofilm/data/F002/01.RawData/P22_2022/P22_2022_concatenated_2.fq.gz
P52_2022	/hdd0/raid3/scratch/MEGshared/ea_biofilm/data/F002/01.RawData/P52_2022/P52_2022_EKDN230044647-1A_HFJHVDSX7_L4_1.fq.gz	/hdd0/raid3/scratch/MEGshared/ea_biofilm/data/F002/01.RawData/P52_2022/P52_2022_EKDN230044647-1A_HFJHVDSX7_L4_2.fq.gz
P53	/hdd0/raid3/scratch/MEGshared/ea_biofilm/data/F002/01.RawData/P53_2021/P53_2021_concatenated_1.fq.gz	/hdd0/raid3/scratch/MEGshared/ea_biofilm/data/F002/01.RawData/P53_2021/P53_2021_concatenated_2.fq.gz
P62_2022	/hdd0/raid3/scratch/MEGshared/ea_biofilm/data/F002/01.RawData/P62_2022/P62_2022_EKDN230044648-1A_HFJHVDSX7_L4_1.fq.gz	/hdd0/raid3/scratch/MEGshared/ea_biofilm/data/F002/01.RawData/P62_2022/P62_2022_EKDN230044648-1A_HFJHVDSX7_L4_2.fq.gz
Q35_2022	/hdd0/raid3/scratch/MEGshared/ea_biofilm/data/F002/01.RawData/Q35_2022/Q35_2022_EKDN230044649-1A_HFLT5DSX7_L4_1.fq.gz	/hdd0/raid3/scratch/MEGshared/ea_biofilm/data/F002/01.RawData/Q35_2022/Q35_2022_EKDN230044649-1A_HFLT5DSX7_L4_2.fq.gz
Q53_2022	/hdd0/raid3/scratch/MEGshared/ea_biofilm/data/F002/01.RawData/Q53_2022/Q53_2022_EKDN230044650-1A_HFLT5DSX7_L4_1.fq.gz	/hdd0/raid3/scratch/MEGshared/ea_biofilm/data/F002/01.RawData/Q53_2022/Q53_2022_EKDN230044650-1A_HFLT5DSX7_L4_2.fq.gz
Q56_2022	/hdd0/raid3/scratch/MEGshared/ea_biofilm/data/F002/01.RawData/Q56_2022/Q56_2022_EKDN230044651-1A_HFLT5DSX7_L4_1.fq.gz	/hdd0/raid3/scratch/MEGshared/ea_biofilm/data/F002/01.RawData/Q56_2022/Q56_2022_EKDN230044651-1A_HFLT5DSX7_L4_2.fq.gz
Q62_2022	/hdd0/raid3/scratch/MEGshared/ea_biofilm/data/F002/01.RawData/Q62_2022/Q62_2022_concatenated_1.fq.gz	/hdd0/raid3/scratch/MEGshared/ea_biofilm/data/F002/01.RawData/Q62_2022/Q62_2022_concatenated_2.fq.gz
R17_2022	/hdd0/raid3/scratch/MEGshared/ea_biofilm/data/F002/01.RawData/R17_2022/R17_2022_EKDN230044653-1A_HFLT5DSX7_L4_1.fq.gz	/hdd0/raid3/scratch/MEGshared/ea_biofilm/data/F002/01.RawData/R17_2022/R17_2022_EKDN230044653-1A_HFLT5DSX7_L4_2.fq.gz
R25_2022	/hdd0/raid3/scratch/MEGshared/ea_biofilm/data/F002/01.RawData/R25_2022/R25_2022_concatenated_1.fq.gz	/hdd0/raid3/scratch/MEGshared/ea_biofilm/data/F002/01.RawData/R25_2022/R25_2022_concatenated_2.fq.gz
R40_2022	/hdd0/raid3/scratch/MEGshared/ea_biofilm/data/F002/01.RawData/R40_2022/R40_2022_concatenated_1.fq.gz	/hdd0/raid3/scratch/MEGshared/ea_biofilm/data/F002/01.RawData/R40_2022/R40_2022_concatenated_2.fq.gz
R57_2022	/hdd0/raid3/scratch/MEGshared/ea_biofilm/data/F002/01.RawData/R57_2022/R57_2022_EKDN230044659-1A_HFLT5DSX7_L4_1.fq.gz	/hdd0/raid3/scratch/MEGshared/ea_biofilm/data/F002/01.RawData/R57_2022/R57_2022_EKDN230044659-1A_HFLT5DSX7_L4_2.fq.gz
S13_2022	/hdd0/raid3/scratch/MEGshared/ea_biofilm/data/F002/01.RawData/S13_2022/S13_2022_EKDN230044658-1A_HFLT5DSX7_L4_1.fq.gz	/hdd0/raid3/scratch/MEGshared/ea_biofilm/data/F002/01.RawData/S13_2022/S13_2022_EKDN230044658-1A_HFLT5DSX7_L4_2.fq.gz
S27_2022	/hdd0/raid3/scratch/MEGshared/ea_biofilm/data/F002/01.RawData/S27_2022/S27_2022_concatenated_1.fq.gz	/hdd0/raid3/scratch/MEGshared/ea_biofilm/data/F002/01.RawData/S27_2022/S27_2022_concatenated_2.fq.gz
X12	/hdd0/raid3/scratch/MEGshared/ea_biofilm/data/F002/01.RawData/X12_2021/X12_2021_EKDN230044569-1A_HVJFNDSX7_L3_1.fq.gz	/hdd0/raid3/scratch/MEGshared/ea_biofilm/data/F002/01.RawData/X12_2021/X12_2021_EKDN230044569-1A_HVJFNDSX7_L3_2.fq.gz
